order|name|line|col|start_x|end_x|start_y|end_y|start_x_48|end_x_48|start_y_48|end_y_48|start_x_64|end_x_64|start_y_64|end_y_64
1|select|1|1|0|31|0|31|0|47|0|47|0|63|0|63
2|construction_line|1|2|32|63|0|31|48|95|0|47|64|127|0|63
3|rectangle|1|3|64|95|0|31|96|143|0|47|128|191|0|63
4|surface_rect|1|4|96|127|0|31|144|191|0|47|192|255|0|63
5|offset|1|5|128|159|0|31|192|239|0|47|256|319|0|63
6|solid_union|1|6|160|191|0|31|240|287|0|47|320|383|0|63
7|hvac_plumbing|1|7|192|223|0|31|288|335|0|47|384|447|0|63
8|edit_object|1|8|224|255|0|31|336|383|0|47|448|511|0|63
9|stretch_scale|1|9|256|287|0|31|384|431|0|47|512|575|0|63
10|revolve|1|10|288|320|0|31|432|479|0|47|576|639|0|63
11|quad|2|1|0|31|32|63|0|47|48|95|0|63|64|127
12|circle|2|2|32|63|32|63|48|95|48|95|64|127|64|127
13|push_pull|2|3|64|95|32|63|96|143|48|95|128|191|64|127
14|move|2|4|96|127|32|63|144|191|48|95|192|255|64|127
15|voxel|2|5|128|159|32|63|192|239|48|95|256|319|64|127
16|solid_intersect|2|6|160|191|32|63|240|287|48|95|320|383|64|127
17|hvac_ventilation|2|7|192|223|32|63|288|335|48|95|384|447|64|127
18|play|2|8|224|255|32|63|336|383|48|95|448|511|64|127
19|sphere|2|9|256|287|32|63|384|431|48|95|512|575|64|127
20|cylinder|2|10|288|320|32|63|432|479|48|95|576|639|64|127
21|rotate|3|1|0|31|64|95|0|47|96|143|0|63|128|191
22|scale|3|2|32|63|64|95|48|95|96|143|64|127|128|191
23|paint|3|3|64|95|64|95|96|143|96|143|128|191|128|191
24|eraser|3|4|96|127|64|95|144|191|96|143|192|255|128|191
25|voxel_volume|3|5|128|159|64|95|192|239|96|143|256|319|128|191
26|solid_subtract|3|6|160|191|64|95|240|287|96|143|320|383|128|191
27|line|3|7|192|223|64|95|288|335|96|143|384|447|128|191
28|pause|3|8|224|255|64|95|336|383|96|143|448|511|128|191
29|cone|3|9|256|287|64|95|384|431|96|143|512|575|128|191
30|pill|3|10|288|320|64|95|432|479|96|143|576|639|128|191
31|cleanup|4|1|0|31|96|127|0|47|144|191|0|63|192|255
32|color|4|2|32|63|96|127|48|95|144|191|64|127|192|255
33|delete|4|3|64|95|96|127|96|143|144|191|128|191|192|255
34|flip_faces|4|4|96|127|96|127|144|191|144|191|192|255|192|255
35|voxel_frame|4|5|128|159|96|127|192|239|144|191|256|319|192|255
36|swipe_surface|4|6|160|191|96|127|240|287|144|191|320|383|192|255
37|face_outline|4|7|192|223|96|127|288|335|144|191|384|447|192|255
38|rendering_raytrace|4|8|224|255|96|127|336|383|144|191|448|511|192|255
39|undef_4_9|4|9|256|287|96|127|384|431|144|191|512|575|192|255
40|undef_4_10|4|10|288|320|96|127|432|479|144|191|576|639|192|255
41|lighting|5|1|0|31|128|159|0|47|192|239|0|63|256|319
42|plugins|5|2|32|63|128|159|48|95|192|239|64|127|256|319
43|text|5|3|64|95|128|159|96|143|192|239|128|191|256|319
44|dimension|5|4|96|127|128|159|144|191|192|239|192|255|256|319
45|voxelize|5|5|128|159|128|159|192|239|192|239|256|319|256|319
46|hotspot|5|6|160|191|128|159|240|287|192|239|320|383|256|319
47|file_save|5|7|192|223|128|159|288|335|192|239|384|447|256|319
48|rendering_global_illumination|5|8|224|255|128|159|336|383|192|239|448|511|256|319
49|undef_5_9|5|9|256|287|128|159|384|431|192|239|512|575|256|319
50|undef_5_10|5|10|288|320|128|159|432|479|192|239|576|639|256|319
51|stretch|6|1|0|31|160|191|0|47|240|287|0|63|320|383
52|skew|6|2|32|63|160|191|48|95|240|287|64|127|320|383
53|double_line|6|3|64|95|160|191|96|143|240|287|128|191|320|383
54|polyline|6|4|96|127|160|191|144|191|240|287|192|255|320|383
55|plane_section|6|5|128|159|160|191|192|239|240|287|256|319|320|383
56|mesh_intersection|6|6|160|191|160|191|240|287|240|287|320|383|320|383
57|file_open|6|7|192|223|160|191|288|335|240|287|384|447|320|383
58|undo|6|8|224|255|160|191|336|383|240|287|448|511|320|383
59|undef_6_9|6|9|256|287|160|191|384|431|240|287|512|575|320|383
60|undef_6_10|6|10|288|320|160|191|432|479|240|287|576|639|320|383
61|arch_wall|7|1|0|31|192|223|0|47|288|335|0|63|384|447
62|arch_slab|7|2|32|63|192|223|48|95|288|335|64|127|384|447
63|arch_stair|7|3|64|95|192|223|96|143|288|335|128|191|384|447
64|arch_hole|7|4|96|127|192|223|144|191|288|335|192|255|384|447
65|arch_window|7|5|128|159|192|223|192|239|288|335|256|319|384|447
66|arch_door|7|6|160|191|192|223|240|287|288|335|320|383|384|447
67|mesh|7|7|192|223|192|223|288|335|288|335|384|447|384|447
68|redo|7|8|224|255|192|223|336|383|288|335|448|511|384|447
69|undef_7_9|7|9|256|287|192|223|384|431|288|335|512|575|384|447
70|undef_7_10|7|10|288|320|192|223|432|479|288|335|576|639|384|447
71|stretch-rotate|8|1|0|31|224|255|0|47|336|383|0|63|448|511
72|multiple-copy-translate|8|2|32|63|224|255|48|95|336|383|64|127|448|511
73|multiple-copy-translate-planar|8|3|64|95|224|255|96|143|336|383|128|191|448|511
74|multiple-copy-translate-volumetric|8|4|96|127|224|255|144|191|336|383|192|255|448|511
75|multiple-copy-planar-rotate|8|5|128|159|224|255|192|239|336|383|256|319|448|511
76|multiple-copy-helicoidal-rotate|8|6|160|191|224|255|240|287|336|383|320|383|448|511
77|vectorial-text|8|7|192|223|224|255|288|335|336|383|384|447|448|511
78|grid_helper_planar|8|8|224|255|224|255|336|383|336|383|448|511|448|511
79|undef_8_9|8|9|256|287|224|255|384|431|336|383|512|575|448|511
80|undef_8_10|8|10|288|320|224|255|432|479|336|383|576|639|448|511
81|camera_perspective|9|1|0|31|256|287|0|47|384|431|0|63|512|575
82|camera_first_person|9|2|32|63|256|287|48|95|384|431|64|127|512|575
83|camera_orthographic|9|3|64|95|256|287|96|143|384|431|128|191|512|575
84|camera_rotating_operation|9|4|96|127|256|287|144|191|384|431|192|255|512|575
85|camera_panning_operation|9|5|128|159|256|287|192|239|384|431|256|319|512|575
86|camera_zooming_operation|9|6|160|191|256|287|240|287|384|431|320|383|512|575
87|grid_helper_axial|9|7|192|223|256|287|288|335|384|431|384|447|512|575
88|object_create|9|8|224|255|256|287|336|383|384|431|448|511|512|575
89|undef_9_9|9|9|256|287|256|287|384|431|384|431|512|575|512|575
90|undef_9_10|9|10|288|320|256|287|432|479|384|431|576|639|512|575
91|object_exit|10|1|0|31|288|319|0|47|432|479|0|63|576|639
92|object_explode|10|2|32|63|288|319|48|95|432|479|64|127|576|639
93|mech_round_hole|10|3|64|95|288|319|96|143|432|479|128|191|576|639
94|mech_screw_surface|10|4|96|127|288|319|144|191|432|479|192|255|576|639
95|mech_washer_round|10|5|128|159|288|319|192|239|432|479|256|319|576|639
96|mech_hex_nut|10|6|160|191|288|319|240|287|432|479|320|383|576|639
97|polyline_mesh|10|7|192|223|288|319|288|335|432|479|384|447|576|639
98|mech_cog_wheel|10|8|224|255|288|319|336|383|432|479|448|511|576|639
99|undef_10_9|10|9|256|287|288|319|384|431|432|479|512|575|576|639
100|undef_10_10|10|10|288|320|288|319|432|479|432|479|576|639|576|639
