Field,ID,Type (Type),default,en-us,ar,zh,en,fil,fr,hi,ja,ko,pt,pa,sd,es,tr,uk
Description,2,Text,,"OctoDraw 3D is a legitimate ""undiscovered gem"" specifically because it targets a different niche than the high-end industrial tools, OctoDraw is a fast, tool-driven modeler optimized for direct construction and high portability


## Why OctoDraw is a Gem

* Direct Construction: It excels at ""sketching with lines and faces,"" allowing you to build higher-level architectural and engineering elements like walls, slabs, stairs, and even HVAC runs very quickly.

* 100% Privacy & Local Storage: Unlike many modern CAD apps that force you into the cloud, OctoDraw keeps your models strictly on your local computer storage.

* Cross-Platform Portability: It uses the same file format across multiple platforms, making it a great ""bridge"" tool if you move between your workstation and a tablet or phone.

* Dynamic User Objects: It allows you to implement advanced features and custom objects without needing programming knowledge, making it highly extensible through On a windows workstation OctoDraw will be incredibly lightweight and fast. It doesn't need the massive resources of a full Parasolid-engine app, yet it still provides precise snapping and dimensioning tools.
* Best Use Case: Use OctoDraw for rapid architectural layouts, HVAC design, or quick direct editing where you don't want to deal with a complex ""history tree"" or high subscription costs.

## Verdict
It is essentially the ""Swiss Army Knife"" of the Microsoft Store's CAD section. It’s not as ""pretty"" as Plasticity or as industrial as Shapr3D, but for direct, private, and portable modeling, it is unbeatable for the price (currently free for the base version).

Are you planning to use it for architectural floor plans or more for mechanical part design?",dfg,,,,,,,,,,,,,
ReleaseNotes,3,Text,,"this is a new release,
basic drawing modes : line, multiline, planar shape, ribbon, screen text, vectorial text, linear dimension
basic construction: extrude, follow path
cameras: god-mode(orbit), walk, orthogonal
manipulation: move,copy,rotate,skew-radial, stretch-linear,  
advanced:
 - architecture ( walls+holes), frames,slabs, stair tool, frames
 - dynamic objects ( objects + internal graphical operators/hotspots )
exporters ( 3mf, iges, stl, obj, dxf, svg )",df,,,,,,,,,,,,,
Title,4,Text,,OctoDraw-Free,,,,,,,,,,,,,,
ShortTitle,5,Text,,,,,,,,,,,,,,,,
SortTitle,6,Text,,,,,,,,,,,,,,,,
VoiceTitle,7,Text,,,,,,,,,,,,,,,,
ShortDescription,8,Text,,,,,,,,,,,,,,,,
DevStudio,9,Text,,,,,,,,,,,,,,,,
CopyrightTrademarkInformation,12,Text,,,,,,,,,,,,,,,,
AdditionalLicenseTerms,13,Text,,,,,,,,,,,,,,,,
DesktopScreenshot1,100,Relative path (or URL to file in Partner Center),,https://developer.microsoft.com/en-us/dashboard/apps/9PGZHNKDS3PX/submissions/1152921505701935764/listings/1152922700024163485/listingassets/3040707053903949587,,,,,,,,,,,,,,
DesktopScreenshot2,101,Relative path (or URL to file in Partner Center),,https://developer.microsoft.com/en-us/dashboard/apps/9PGZHNKDS3PX/submissions/1152921505701935764/listings/1152922700024163485/listingassets/3054722638353381371,,,,,,,,,,,,,,
DesktopScreenshot3,102,Relative path (or URL to file in Partner Center),,https://developer.microsoft.com/en-us/dashboard/apps/9PGZHNKDS3PX/submissions/1152921505701935764/listings/1152922700024163485/listingassets/3025256069640989385,,,,,,,,,,,,,,
DesktopScreenshot4,103,Relative path (or URL to file in Partner Center),,https://developer.microsoft.com/en-us/dashboard/apps/9PGZHNKDS3PX/submissions/1152921505701935764/listings/1152922700024163485/listingassets/3033655779524838713,,,,,,,,,,,,,,
DesktopScreenshot5,104,Relative path (or URL to file in Partner Center),,https://developer.microsoft.com/en-us/dashboard/apps/9PGZHNKDS3PX/submissions/1152921505701935764/listings/1152922700024163485/listingassets/3040174912747053292,,,,,,,,,,,,,,
DesktopScreenshot6,105,Relative path (or URL to file in Partner Center),,https://developer.microsoft.com/en-us/dashboard/apps/9PGZHNKDS3PX/submissions/1152921505701935764/listings/1152922700024163485/listingassets/3044221952481521436,,,,,,,,,,,,,,
DesktopScreenshot7,106,Relative path (or URL to file in Partner Center),,https://developer.microsoft.com/en-us/dashboard/apps/9PGZHNKDS3PX/submissions/1152921505701935764/listings/1152922700024163485/listingassets/3032605754876693625,,,,,,,,,,,,,,
DesktopScreenshot8,107,Relative path (or URL to file in Partner Center),,https://developer.microsoft.com/en-us/dashboard/apps/9PGZHNKDS3PX/submissions/1152921505701935764/listings/1152922700024163485/listingassets/3029102798164479353,,,,,,,,,,,,,,
DesktopScreenshot9,108,Relative path (or URL to file in Partner Center),,https://developer.microsoft.com/en-us/dashboard/apps/9PGZHNKDS3PX/submissions/1152921505701935764/listings/1152922700024163485/listingassets/3016144460421671155,,,,,,,,,,,,,,
DesktopScreenshot10,109,Relative path (or URL to file in Partner Center),,https://developer.microsoft.com/en-us/dashboard/apps/9PGZHNKDS3PX/submissions/1152921505701935764/listings/1152922700024163485/listingassets/3016850994059311483,,,,,,,,,,,,,,
DesktopScreenshot11,110,Relative path (or URL to file in Partner Center),,,,,,,,,,,,,,,,
DesktopScreenshot12,111,Relative path (or URL to file in Partner Center),,,,,,,,,,,,,,,,
DesktopScreenshot13,112,Relative path (or URL to file in Partner Center),,,,,,,,,,,,,,,,
DesktopScreenshot14,113,Relative path (or URL to file in Partner Center),,,,,,,,,,,,,,,,
DesktopScreenshot15,114,Relative path (or URL to file in Partner Center),,,,,,,,,,,,,,,,
DesktopScreenshot16,115,Relative path (or URL to file in Partner Center),,,,,,,,,,,,,,,,
DesktopScreenshot17,116,Relative path (or URL to file in Partner Center),,,,,,,,,,,,,,,,
DesktopScreenshot18,117,Relative path (or URL to file in Partner Center),,,,,,,,,,,,,,,,
DesktopScreenshot19,118,Relative path (or URL to file in Partner Center),,,,,,,,,,,,,,,,
DesktopScreenshot20,119,Relative path (or URL to file in Partner Center),,,,,,,,,,,,,,,,
DesktopScreenshot21,120,Relative path (or URL to file in Partner Center),,,,,,,,,,,,,,,,
DesktopScreenshot22,121,Relative path (or URL to file in Partner Center),,,,,,,,,,,,,,,,
DesktopScreenshot23,122,Relative path (or URL to file in Partner Center),,,,,,,,,,,,,,,,
DesktopScreenshot24,123,Relative path (or URL to file in Partner Center),,,,,,,,,,,,,,,,
DesktopScreenshot25,124,Relative path (or URL to file in Partner Center),,,,,,,,,,,,,,,,
DesktopScreenshot26,125,Relative path (or URL to file in Partner Center),,,,,,,,,,,,,,,,
DesktopScreenshot27,126,Relative path (or URL to file in Partner Center),,,,,,,,,,,,,,,,
DesktopScreenshot28,127,Relative path (or URL to file in Partner Center),,,,,,,,,,,,,,,,
DesktopScreenshot29,128,Relative path (or URL to file in Partner Center),,,,,,,,,,,,,,,,
DesktopScreenshot30,129,Relative path (or URL to file in Partner Center),,,,,,,,,,,,,,,,
DesktopScreenshotCaption1,150,Text,,"dedicated architecture design toolbar c, smart tools : wall, slab/hole + freeform frames",,,,,,,,,,,,,,
DesktopScreenshotCaption2,151,Text,,"- hi polygon building concept

- dynamic objects ( planar  array)

- autohidden , minimized toolbars

- vectorial 3d text ",,,,,,,,,,,,,,
DesktopScreenshotCaption3,152,Text,,"command/dev console
groovy scripts and commands
mode object acces
mcp server management ( start/stop/restart)
performance ( threads and mem usage report )",,,,,,,,,,,,,,
DesktopScreenshotCaption4,153,Text,,"onscreen tutorial
tutorial player
tutorial recorder with screenshots ( files saved as json, the recorded steps easy to edit ) ",,,,,,,,,,,,,,
DesktopScreenshotCaption5,154,Text,,"hi poly building with many object instances, full structure and curtain walls",,,,,,,,,,,,,,
DesktopScreenshotCaption6,155,Text,,"horizontal sections ( plans )
wireframe feedback of dynamic object ( multiply linear hotspot )",,,,,,,,,,,,,,
DesktopScreenshotCaption7,156,Text,,"parametric user defined object, stretchable, multipliable
switchbox for hiding oand/or locking by object category
entities counts
selection counts",,,,,,,,,,,,,,
DesktopScreenshotCaption8,157,Text,,"searchable command palette, frontal projection ( orthogonal ) for cad export,
linear dimension tool/object",,,,,,,,,,,,,,
DesktopScreenshotCaption9,158,Text,,"polylinear planar extrusion.
the extruded shape does not have to be closed.
selected faces are highlighted in transparent red",,,,,,,,,,,,,,
DesktopScreenshotCaption10,159,Text,,"left: extrude following a ployline on the ground.
voxel based modeling ( like in minecraft ) 
voxel extras : frame and filled volume
",,,,,,,,,,,,,,
DesktopScreenshotCaption11,160,Text,,,,,,,,,,,,,,,,
DesktopScreenshotCaption12,161,Text,,,,,,,,,,,,,,,,
DesktopScreenshotCaption13,162,Text,,,,,,,,,,,,,,,,
DesktopScreenshotCaption14,163,Text,,,,,,,,,,,,,,,,
DesktopScreenshotCaption15,164,Text,,,,,,,,,,,,,,,,
DesktopScreenshotCaption16,165,Text,,,,,,,,,,,,,,,,
DesktopScreenshotCaption17,166,Text,,,,,,,,,,,,,,,,
DesktopScreenshotCaption18,167,Text,,,,,,,,,,,,,,,,
DesktopScreenshotCaption19,168,Text,,,,,,,,,,,,,,,,
DesktopScreenshotCaption20,169,Text,,,,,,,,,,,,,,,,
DesktopScreenshotCaption21,170,Text,,,,,,,,,,,,,,,,
DesktopScreenshotCaption22,171,Text,,,,,,,,,,,,,,,,
DesktopScreenshotCaption23,172,Text,,,,,,,,,,,,,,,,
DesktopScreenshotCaption24,173,Text,,,,,,,,,,,,,,,,
DesktopScreenshotCaption25,174,Text,,,,,,,,,,,,,,,,
DesktopScreenshotCaption26,175,Text,,,,,,,,,,,,,,,,
DesktopScreenshotCaption27,176,Text,,,,,,,,,,,,,,,,
DesktopScreenshotCaption28,177,Text,,,,,,,,,,,,,,,,
DesktopScreenshotCaption29,178,Text,,,,,,,,,,,,,,,,
DesktopScreenshotCaption30,179,Text,,,,,,,,,,,,,,,,
MobileScreenshot1,200,Relative path (or URL to file in Partner Center),,,,,,,,,,,,,,,,
MobileScreenshot2,201,Relative path (or URL to file in Partner Center),,,,,,,,,,,,,,,,
MobileScreenshot3,202,Relative path (or URL to file in Partner Center),,,,,,,,,,,,,,,,
MobileScreenshot4,203,Relative path (or URL to file in Partner Center),,,,,,,,,,,,,,,,
MobileScreenshot5,204,Relative path (or URL to file in Partner Center),,,,,,,,,,,,,,,,
MobileScreenshot6,205,Relative path (or URL to file in Partner Center),,,,,,,,,,,,,,,,
MobileScreenshot7,206,Relative path (or URL to file in Partner Center),,,,,,,,,,,,,,,,
MobileScreenshot8,207,Relative path (or URL to file in Partner Center),,,,,,,,,,,,,,,,
MobileScreenshot9,208,Relative path (or URL to file in Partner Center),,,,,,,,,,,,,,,,
MobileScreenshot10,209,Relative path (or URL to file in Partner Center),,,,,,,,,,,,,,,,
MobileScreenshot11,210,Relative path (or URL to file in Partner Center),,,,,,,,,,,,,,,,
MobileScreenshot12,211,Relative path (or URL to file in Partner Center),,,,,,,,,,,,,,,,
MobileScreenshot13,212,Relative path (or URL to file in Partner Center),,,,,,,,,,,,,,,,
MobileScreenshot14,213,Relative path (or URL to file in Partner Center),,,,,,,,,,,,,,,,
MobileScreenshot15,214,Relative path (or URL to file in Partner Center),,,,,,,,,,,,,,,,
MobileScreenshot16,215,Relative path (or URL to file in Partner Center),,,,,,,,,,,,,,,,
MobileScreenshot17,216,Relative path (or URL to file in Partner Center),,,,,,,,,,,,,,,,
MobileScreenshot18,217,Relative path (or URL to file in Partner Center),,,,,,,,,,,,,,,,
MobileScreenshot19,218,Relative path (or URL to file in Partner Center),,,,,,,,,,,,,,,,
MobileScreenshot20,219,Relative path (or URL to file in Partner Center),,,,,,,,,,,,,,,,
MobileScreenshot21,220,Relative path (or URL to file in Partner Center),,,,,,,,,,,,,,,,
MobileScreenshot22,221,Relative path (or URL to file in Partner Center),,,,,,,,,,,,,,,,
MobileScreenshot23,222,Relative path (or URL to file in Partner Center),,,,,,,,,,,,,,,,
MobileScreenshot24,223,Relative path (or URL to file in Partner Center),,,,,,,,,,,,,,,,
MobileScreenshot25,224,Relative path (or URL to file in Partner Center),,,,,,,,,,,,,,,,
MobileScreenshot26,225,Relative path (or URL to file in Partner Center),,,,,,,,,,,,,,,,
MobileScreenshot27,226,Relative path (or URL to file in Partner Center),,,,,,,,,,,,,,,,
MobileScreenshot28,227,Relative path (or URL to file in Partner Center),,,,,,,,,,,,,,,,
MobileScreenshot29,228,Relative path (or URL to file in Partner Center),,,,,,,,,,,,,,,,
MobileScreenshot30,229,Relative path (or URL to file in Partner Center),,,,,,,,,,,,,,,,
MobileScreenshotCaption1,250,Text,,,,,,,,,,,,,,,,
MobileScreenshotCaption2,251,Text,,,,,,,,,,,,,,,,
MobileScreenshotCaption3,252,Text,,,,,,,,,,,,,,,,
MobileScreenshotCaption4,253,Text,,,,,,,,,,,,,,,,
MobileScreenshotCaption5,254,Text,,,,,,,,,,,,,,,,
MobileScreenshotCaption6,255,Text,,,,,,,,,,,,,,,,
MobileScreenshotCaption7,256,Text,,,,,,,,,,,,,,,,
MobileScreenshotCaption8,257,Text,,,,,,,,,,,,,,,,
MobileScreenshotCaption9,258,Text,,,,,,,,,,,,,,,,
MobileScreenshotCaption10,259,Text,,,,,,,,,,,,,,,,
MobileScreenshotCaption11,260,Text,,,,,,,,,,,,,,,,
MobileScreenshotCaption12,261,Text,,,,,,,,,,,,,,,,
MobileScreenshotCaption13,262,Text,,,,,,,,,,,,,,,,
MobileScreenshotCaption14,263,Text,,,,,,,,,,,,,,,,
MobileScreenshotCaption15,264,Text,,,,,,,,,,,,,,,,
MobileScreenshotCaption16,265,Text,,,,,,,,,,,,,,,,
MobileScreenshotCaption17,266,Text,,,,,,,,,,,,,,,,
MobileScreenshotCaption18,267,Text,,,,,,,,,,,,,,,,
MobileScreenshotCaption19,268,Text,,,,,,,,,,,,,,,,
MobileScreenshotCaption20,269,Text,,,,,,,,,,,,,,,,
MobileScreenshotCaption21,270,Text,,,,,,,,,,,,,,,,
MobileScreenshotCaption22,271,Text,,,,,,,,,,,,,,,,
MobileScreenshotCaption23,272,Text,,,,,,,,,,,,,,,,
MobileScreenshotCaption24,273,Text,,,,,,,,,,,,,,,,
MobileScreenshotCaption25,274,Text,,,,,,,,,,,,,,,,
MobileScreenshotCaption26,275,Text,,,,,,,,,,,,,,,,
MobileScreenshotCaption27,276,Text,,,,,,,,,,,,,,,,
MobileScreenshotCaption28,277,Text,,,,,,,,,,,,,,,,
MobileScreenshotCaption29,278,Text,,,,,,,,,,,,,,,,
MobileScreenshotCaption30,279,Text,,,,,,,,,,,,,,,,
XboxScreenshot1,300,Relative path (or URL to file in Partner Center),,,,,,,,,,,,,,,,
XboxScreenshot2,301,Relative path (or URL to file in Partner Center),,,,,,,,,,,,,,,,
XboxScreenshot3,302,Relative path (or URL to file in Partner Center),,,,,,,,,,,,,,,,
XboxScreenshot4,303,Relative path (or URL to file in Partner Center),,,,,,,,,,,,,,,,
XboxScreenshot5,304,Relative path (or URL to file in Partner Center),,,,,,,,,,,,,,,,
XboxScreenshot6,305,Relative path (or URL to file in Partner Center),,,,,,,,,,,,,,,,
XboxScreenshot7,306,Relative path (or URL to file in Partner Center),,,,,,,,,,,,,,,,
XboxScreenshot8,307,Relative path (or URL to file in Partner Center),,,,,,,,,,,,,,,,
XboxScreenshot9,308,Relative path (or URL to file in Partner Center),,,,,,,,,,,,,,,,
XboxScreenshot10,309,Relative path (or URL to file in Partner Center),,,,,,,,,,,,,,,,
XboxScreenshot11,310,Relative path (or URL to file in Partner Center),,,,,,,,,,,,,,,,
XboxScreenshot12,311,Relative path (or URL to file in Partner Center),,,,,,,,,,,,,,,,
XboxScreenshot13,312,Relative path (or URL to file in Partner Center),,,,,,,,,,,,,,,,
XboxScreenshot14,313,Relative path (or URL to file in Partner Center),,,,,,,,,,,,,,,,
XboxScreenshot15,314,Relative path (or URL to file in Partner Center),,,,,,,,,,,,,,,,
XboxScreenshot16,315,Relative path (or URL to file in Partner Center),,,,,,,,,,,,,,,,
XboxScreenshot17,316,Relative path (or URL to file in Partner Center),,,,,,,,,,,,,,,,
XboxScreenshot18,317,Relative path (or URL to file in Partner Center),,,,,,,,,,,,,,,,
XboxScreenshot19,318,Relative path (or URL to file in Partner Center),,,,,,,,,,,,,,,,
XboxScreenshot20,319,Relative path (or URL to file in Partner Center),,,,,,,,,,,,,,,,
XboxScreenshot21,320,Relative path (or URL to file in Partner Center),,,,,,,,,,,,,,,,
XboxScreenshot22,321,Relative path (or URL to file in Partner Center),,,,,,,,,,,,,,,,
XboxScreenshot23,322,Relative path (or URL to file in Partner Center),,,,,,,,,,,,,,,,
XboxScreenshot24,323,Relative path (or URL to file in Partner Center),,,,,,,,,,,,,,,,
XboxScreenshot25,324,Relative path (or URL to file in Partner Center),,,,,,,,,,,,,,,,
XboxScreenshot26,325,Relative path (or URL to file in Partner Center),,,,,,,,,,,,,,,,
XboxScreenshot27,326,Relative path (or URL to file in Partner Center),,,,,,,,,,,,,,,,
XboxScreenshot28,327,Relative path (or URL to file in Partner Center),,,,,,,,,,,,,,,,
XboxScreenshot29,328,Relative path (or URL to file in Partner Center),,,,,,,,,,,,,,,,
XboxScreenshot30,329,Relative path (or URL to file in Partner Center),,,,,,,,,,,,,,,,
XboxScreenshotCaption1,350,Text,,,,,,,,,,,,,,,,
XboxScreenshotCaption2,351,Text,,,,,,,,,,,,,,,,
XboxScreenshotCaption3,352,Text,,,,,,,,,,,,,,,,
XboxScreenshotCaption4,353,Text,,,,,,,,,,,,,,,,
XboxScreenshotCaption5,354,Text,,,,,,,,,,,,,,,,
XboxScreenshotCaption6,355,Text,,,,,,,,,,,,,,,,
XboxScreenshotCaption7,356,Text,,,,,,,,,,,,,,,,
XboxScreenshotCaption8,357,Text,,,,,,,,,,,,,,,,
XboxScreenshotCaption9,358,Text,,,,,,,,,,,,,,,,
XboxScreenshotCaption10,359,Text,,,,,,,,,,,,,,,,
XboxScreenshotCaption11,360,Text,,,,,,,,,,,,,,,,
XboxScreenshotCaption12,361,Text,,,,,,,,,,,,,,,,
XboxScreenshotCaption13,362,Text,,,,,,,,,,,,,,,,
XboxScreenshotCaption14,363,Text,,,,,,,,,,,,,,,,
XboxScreenshotCaption15,364,Text,,,,,,,,,,,,,,,,
XboxScreenshotCaption16,365,Text,,,,,,,,,,,,,,,,
XboxScreenshotCaption17,366,Text,,,,,,,,,,,,,,,,
XboxScreenshotCaption18,367,Text,,,,,,,,,,,,,,,,
XboxScreenshotCaption19,368,Text,,,,,,,,,,,,,,,,
XboxScreenshotCaption20,369,Text,,,,,,,,,,,,,,,,
XboxScreenshotCaption21,370,Text,,,,,,,,,,,,,,,,
XboxScreenshotCaption22,371,Text,,,,,,,,,,,,,,,,
XboxScreenshotCaption23,372,Text,,,,,,,,,,,,,,,,
XboxScreenshotCaption24,373,Text,,,,,,,,,,,,,,,,
XboxScreenshotCaption25,374,Text,,,,,,,,,,,,,,,,
XboxScreenshotCaption26,375,Text,,,,,,,,,,,,,,,,
XboxScreenshotCaption27,376,Text,,,,,,,,,,,,,,,,
XboxScreenshotCaption28,377,Text,,,,,,,,,,,,,,,,
XboxScreenshotCaption29,378,Text,,,,,,,,,,,,,,,,
XboxScreenshotCaption30,379,Text,,,,,,,,,,,,,,,,
HolographicScreenshot1,400,Relative path (or URL to file in Partner Center),,,,,,,,,,,,,,,,
HolographicScreenshot2,401,Relative path (or URL to file in Partner Center),,,,,,,,,,,,,,,,
HolographicScreenshot3,402,Relative path (or URL to file in Partner Center),,,,,,,,,,,,,,,,
HolographicScreenshot4,403,Relative path (or URL to file in Partner Center),,,,,,,,,,,,,,,,
HolographicScreenshot5,404,Relative path (or URL to file in Partner Center),,,,,,,,,,,,,,,,
HolographicScreenshot6,405,Relative path (or URL to file in Partner Center),,,,,,,,,,,,,,,,
HolographicScreenshot7,406,Relative path (or URL to file in Partner Center),,,,,,,,,,,,,,,,
HolographicScreenshot8,407,Relative path (or URL to file in Partner Center),,,,,,,,,,,,,,,,
HolographicScreenshot9,408,Relative path (or URL to file in Partner Center),,,,,,,,,,,,,,,,
HolographicScreenshot10,409,Relative path (or URL to file in Partner Center),,,,,,,,,,,,,,,,
HolographicScreenshot11,410,Relative path (or URL to file in Partner Center),,,,,,,,,,,,,,,,
HolographicScreenshot12,411,Relative path (or URL to file in Partner Center),,,,,,,,,,,,,,,,
HolographicScreenshot13,412,Relative path (or URL to file in Partner Center),,,,,,,,,,,,,,,,
HolographicScreenshot14,413,Relative path (or URL to file in Partner Center),,,,,,,,,,,,,,,,
HolographicScreenshot15,414,Relative path (or URL to file in Partner Center),,,,,,,,,,,,,,,,
HolographicScreenshot16,415,Relative path (or URL to file in Partner Center),,,,,,,,,,,,,,,,
HolographicScreenshot17,416,Relative path (or URL to file in Partner Center),,,,,,,,,,,,,,,,
HolographicScreenshot18,417,Relative path (or URL to file in Partner Center),,,,,,,,,,,,,,,,
HolographicScreenshot19,418,Relative path (or URL to file in Partner Center),,,,,,,,,,,,,,,,
HolographicScreenshot20,419,Relative path (or URL to file in Partner Center),,,,,,,,,,,,,,,,
HolographicScreenshot21,420,Relative path (or URL to file in Partner Center),,,,,,,,,,,,,,,,
HolographicScreenshot22,421,Relative path (or URL to file in Partner Center),,,,,,,,,,,,,,,,
HolographicScreenshot23,422,Relative path (or URL to file in Partner Center),,,,,,,,,,,,,,,,
HolographicScreenshot24,423,Relative path (or URL to file in Partner Center),,,,,,,,,,,,,,,,
HolographicScreenshot25,424,Relative path (or URL to file in Partner Center),,,,,,,,,,,,,,,,
HolographicScreenshot26,425,Relative path (or URL to file in Partner Center),,,,,,,,,,,,,,,,
HolographicScreenshot27,426,Relative path (or URL to file in Partner Center),,,,,,,,,,,,,,,,
HolographicScreenshot28,427,Relative path (or URL to file in Partner Center),,,,,,,,,,,,,,,,
HolographicScreenshot29,428,Relative path (or URL to file in Partner Center),,,,,,,,,,,,,,,,
HolographicScreenshot30,429,Relative path (or URL to file in Partner Center),,,,,,,,,,,,,,,,
HolographicScreenshotCaption1,450,Text,,,,,,,,,,,,,,,,
HolographicScreenshotCaption2,451,Text,,,,,,,,,,,,,,,,
HolographicScreenshotCaption3,452,Text,,,,,,,,,,,,,,,,
HolographicScreenshotCaption4,453,Text,,,,,,,,,,,,,,,,
HolographicScreenshotCaption5,454,Text,,,,,,,,,,,,,,,,
HolographicScreenshotCaption6,455,Text,,,,,,,,,,,,,,,,
HolographicScreenshotCaption7,456,Text,,,,,,,,,,,,,,,,
HolographicScreenshotCaption8,457,Text,,,,,,,,,,,,,,,,
HolographicScreenshotCaption9,458,Text,,,,,,,,,,,,,,,,
HolographicScreenshotCaption10,459,Text,,,,,,,,,,,,,,,,
HolographicScreenshotCaption11,460,Text,,,,,,,,,,,,,,,,
HolographicScreenshotCaption12,461,Text,,,,,,,,,,,,,,,,
HolographicScreenshotCaption13,462,Text,,,,,,,,,,,,,,,,
HolographicScreenshotCaption14,463,Text,,,,,,,,,,,,,,,,
HolographicScreenshotCaption15,464,Text,,,,,,,,,,,,,,,,
HolographicScreenshotCaption16,465,Text,,,,,,,,,,,,,,,,
HolographicScreenshotCaption17,466,Text,,,,,,,,,,,,,,,,
HolographicScreenshotCaption18,467,Text,,,,,,,,,,,,,,,,
HolographicScreenshotCaption19,468,Text,,,,,,,,,,,,,,,,
HolographicScreenshotCaption20,469,Text,,,,,,,,,,,,,,,,
HolographicScreenshotCaption21,470,Text,,,,,,,,,,,,,,,,
HolographicScreenshotCaption22,471,Text,,,,,,,,,,,,,,,,
HolographicScreenshotCaption23,472,Text,,,,,,,,,,,,,,,,
HolographicScreenshotCaption24,473,Text,,,,,,,,,,,,,,,,
HolographicScreenshotCaption25,474,Text,,,,,,,,,,,,,,,,
HolographicScreenshotCaption26,475,Text,,,,,,,,,,,,,,,,
HolographicScreenshotCaption27,476,Text,,,,,,,,,,,,,,,,
HolographicScreenshotCaption28,477,Text,,,,,,,,,,,,,,,,
HolographicScreenshotCaption29,478,Text,,,,,,,,,,,,,,,,
HolographicScreenshotCaption30,479,Text,,,,,,,,,,,,,,,,
SurfaceHubScreenshot11,510,Relative path (or URL to file in Partner Center),,,,,,,,,,,,,,,,
SurfaceHubScreenshot12,511,Relative path (or URL to file in Partner Center),,,,,,,,,,,,,,,,
SurfaceHubScreenshot13,512,Relative path (or URL to file in Partner Center),,,,,,,,,,,,,,,,
SurfaceHubScreenshot14,513,Relative path (or URL to file in Partner Center),,,,,,,,,,,,,,,,
SurfaceHubScreenshot15,514,Relative path (or URL to file in Partner Center),,,,,,,,,,,,,,,,
SurfaceHubScreenshot16,515,Relative path (or URL to file in Partner Center),,,,,,,,,,,,,,,,
SurfaceHubScreenshot17,516,Relative path (or URL to file in Partner Center),,,,,,,,,,,,,,,,
SurfaceHubScreenshot18,517,Relative path (or URL to file in Partner Center),,,,,,,,,,,,,,,,
SurfaceHubScreenshot19,518,Relative path (or URL to file in Partner Center),,,,,,,,,,,,,,,,
SurfaceHubScreenshot20,519,Relative path (or URL to file in Partner Center),,,,,,,,,,,,,,,,
SurfaceHubScreenshot21,520,Relative path (or URL to file in Partner Center),,,,,,,,,,,,,,,,
SurfaceHubScreenshot22,521,Relative path (or URL to file in Partner Center),,,,,,,,,,,,,,,,
SurfaceHubScreenshot23,522,Relative path (or URL to file in Partner Center),,,,,,,,,,,,,,,,
SurfaceHubScreenshot24,523,Relative path (or URL to file in Partner Center),,,,,,,,,,,,,,,,
SurfaceHubScreenshot25,524,Relative path (or URL to file in Partner Center),,,,,,,,,,,,,,,,
SurfaceHubScreenshot26,525,Relative path (or URL to file in Partner Center),,,,,,,,,,,,,,,,
SurfaceHubScreenshot27,526,Relative path (or URL to file in Partner Center),,,,,,,,,,,,,,,,
SurfaceHubScreenshot28,527,Relative path (or URL to file in Partner Center),,,,,,,,,,,,,,,,
SurfaceHubScreenshot29,528,Relative path (or URL to file in Partner Center),,,,,,,,,,,,,,,,
SurfaceHubScreenshot30,529,Relative path (or URL to file in Partner Center),,,,,,,,,,,,,,,,
SurfaceHubScreenshotCaption11,560,Text,,,,,,,,,,,,,,,,
SurfaceHubScreenshotCaption12,561,Text,,,,,,,,,,,,,,,,
SurfaceHubScreenshotCaption13,562,Text,,,,,,,,,,,,,,,,
SurfaceHubScreenshotCaption14,563,Text,,,,,,,,,,,,,,,,
SurfaceHubScreenshotCaption15,564,Text,,,,,,,,,,,,,,,,
SurfaceHubScreenshotCaption16,565,Text,,,,,,,,,,,,,,,,
SurfaceHubScreenshotCaption17,566,Text,,,,,,,,,,,,,,,,
SurfaceHubScreenshotCaption18,567,Text,,,,,,,,,,,,,,,,
SurfaceHubScreenshotCaption19,568,Text,,,,,,,,,,,,,,,,
SurfaceHubScreenshotCaption20,569,Text,,,,,,,,,,,,,,,,
SurfaceHubScreenshotCaption21,570,Text,,,,,,,,,,,,,,,,
SurfaceHubScreenshotCaption22,571,Text,,,,,,,,,,,,,,,,
SurfaceHubScreenshotCaption23,572,Text,,,,,,,,,,,,,,,,
SurfaceHubScreenshotCaption24,573,Text,,,,,,,,,,,,,,,,
SurfaceHubScreenshotCaption25,574,Text,,,,,,,,,,,,,,,,
SurfaceHubScreenshotCaption26,575,Text,,,,,,,,,,,,,,,,
SurfaceHubScreenshotCaption27,576,Text,,,,,,,,,,,,,,,,
SurfaceHubScreenshotCaption28,577,Text,,,,,,,,,,,,,,,,
SurfaceHubScreenshotCaption29,578,Text,,,,,,,,,,,,,,,,
SurfaceHubScreenshotCaption30,579,Text,,,,,,,,,,,,,,,,
StoreLogo720x1080,600,Relative path (or URL to file in Partner Center),,https://developer.microsoft.com/en-us/dashboard/apps/9PGZHNKDS3PX/submissions/1152921505701935764/listings/1152922700024163485/listingassets/3017088494903312957,,,,,,,,,,,,,,
StoreLogo1080x1080,601,Relative path (or URL to file in Partner Center),,https://developer.microsoft.com/en-us/dashboard/apps/9PGZHNKDS3PX/submissions/1152921505701935764/listings/1152922700024163485/listingassets/3025102763332954167,,,,,,,,,,,,,,
StoreLogo300x300,602,Relative path (or URL to file in Partner Center),,https://developer.microsoft.com/en-us/dashboard/apps/9PGZHNKDS3PX/submissions/1152921505701935764/listings/1152922700024163485/listingassets/3062100072068992478,,,,,,,,,,,,,,
OverrideLogosForWin10,603,True/False,,False,False,False,False,False,False,False,False,False,False,False,False,False,False,False
StoreLogoOverride150x150,604,Relative path (or URL to file in Partner Center),,https://developer.microsoft.com/en-us/dashboard/apps/9PGZHNKDS3PX/submissions/1152921505701935764/listings/1152922700024163485/listingassets/3030086126724799340,,,,,,,,,,,,,,
StoreLogoOverride71x71,605,Relative path (or URL to file in Partner Center),,https://developer.microsoft.com/en-us/dashboard/apps/9PGZHNKDS3PX/submissions/1152921505701935764/listings/1152922700024163485/listingassets/3058148810719151230,,,,,,,,,,,,,,
PromoImage1920x1080,606,Relative path (or URL to file in Partner Center),,,,,,,,,,,,,,,,
PromoImage2400x1200,607,Relative path (or URL to file in Partner Center),,,,,,,,,,,,,,,,
XboxBrandedKeyArt584x800,608,Relative path (or URL to file in Partner Center),,,,,,,,,,,,,,,,
XboxTitledHero1920x1080,609,Relative path (or URL to file in Partner Center),,,,,,,,,,,,,,,,
XboxFeaturedPromo1080x1080,610,Relative path (or URL to file in Partner Center),,,,,,,,,,,,,,,,
OptionalPromo358x358,611,Relative path (or URL to file in Partner Center),,,,,,,,,,,,,,,,
OptionalPromo1000x800,612,Relative path (or URL to file in Partner Center),,,,,,,,,,,,,,,,
OptionalPromo414x180,613,Relative path (or URL to file in Partner Center),,,,,,,,,,,,,,,,
Feature1,700,Text,,"basic drawing modes : line, multiline, planar shape, ribbon, screen text, vectorial text, linear dimension",,,,,,,,,,,,,,
Feature2,701,Text,,"basic construction: extrude, follow path, move-copy, rotate-copy, ",,,,,,,,,,,,,,
Feature3,702,Text,,"cameras: god-mode(orbit), walk, orthogonal",,,,,,,,,,,,,,
Feature4,703,Text,,"manipulation: move,copy,rotate,skew-radial, stretch-linear,  ",,,,,,,,,,,,,,
Feature5,704,Text,,"advanced: - architecture ( walls+holes), frames,slabs, stair tool, frames",,,,,,,,,,,,,,
Feature6,705,Text,,advanced: - dynamic objects ( objects + internal graphical operators/hotspots with per instance state ),,,,,,,,,,,,,,
Feature7,706,Text,,"exporters ( iges, stl, obj, dxf, svg )",,,,,,,,,,,,,,
Feature8,707,Text,,advanced: voxel/minecraft construction methods,,,,,,,,,,,,,,
Feature9,708,Text,,"dev console : the user can start/stop the MCP server, query the model, perform operations and run code snippets on the model",,,,,,,,,,,,,,
Feature10,709,Text,,MCP server: local http server letting agentic AI take control of the application and follow the instructions of the user,,,,,,,,,,,,,,
Feature11,710,Text,,,,,,,,,,,,,,,,
Feature12,711,Text,,,,,,,,,,,,,,,,
Feature13,712,Text,,,,,,,,,,,,,,,,
Feature14,713,Text,,,,,,,,,,,,,,,,
Feature15,714,Text,,,,,,,,,,,,,,,,
Feature16,715,Text,,,,,,,,,,,,,,,,
Feature17,716,Text,,,,,,,,,,,,,,,,
Feature18,717,Text,,,,,,,,,,,,,,,,
Feature19,718,Text,,,,,,,,,,,,,,,,
Feature20,719,Text,,,,,,,,,,,,,,,,
MinimumHardwareReq1,800,Text,,,,,,,,,,,,,,,,
MinimumHardwareReq2,801,Text,,,,,,,,,,,,,,,,
MinimumHardwareReq3,802,Text,,,,,,,,,,,,,,,,
MinimumHardwareReq4,803,Text,,,,,,,,,,,,,,,,
MinimumHardwareReq5,804,Text,,,,,,,,,,,,,,,,
MinimumHardwareReq6,805,Text,,,,,,,,,,,,,,,,
MinimumHardwareReq7,806,Text,,,,,,,,,,,,,,,,
MinimumHardwareReq8,807,Text,,,,,,,,,,,,,,,,
MinimumHardwareReq9,808,Text,,,,,,,,,,,,,,,,
MinimumHardwareReq10,809,Text,,,,,,,,,,,,,,,,
MinimumHardwareReq11,810,Text,,,,,,,,,,,,,,,,
RecommendedHardwareReq1,850,Text,,,,,,,,,,,,,,,,
RecommendedHardwareReq2,851,Text,,,,,,,,,,,,,,,,
RecommendedHardwareReq3,852,Text,,,,,,,,,,,,,,,,
RecommendedHardwareReq4,853,Text,,,,,,,,,,,,,,,,
RecommendedHardwareReq5,854,Text,,,,,,,,,,,,,,,,
RecommendedHardwareReq6,855,Text,,,,,,,,,,,,,,,,
RecommendedHardwareReq7,856,Text,,,,,,,,,,,,,,,,
RecommendedHardwareReq8,857,Text,,,,,,,,,,,,,,,,
RecommendedHardwareReq9,858,Text,,,,,,,,,,,,,,,,
RecommendedHardwareReq10,859,Text,,,,,,,,,,,,,,,,
RecommendedHardwareReq11,860,Text,,,,,,,,,,,,,,,,
SearchTerm1,900,Text,,3D modeler tool,,,,,,,,,,,,,,
SearchTerm2,901,Text,,tool-driven 3D modeler,,,,,,,,,,,,,,
SearchTerm3,902,Text,,cross-platform 3D modeler,,,,,,,,,,,,,,
SearchTerm4,903,Text,,3d printing,,,,,,,,,,,,,,
SearchTerm5,904,Text,,dynamic objects,,,,,,,,,,,,,,
SearchTerm6,905,Text,,3d CAD,,,,,,,,,,,,,,
SearchTerm7,906,Text,,3D construction,,,,,,,,,,,,,,
TrailerToPlayAtTopOfListing,999,Relative path (or URL to file in Partner Center),,,,,,,,,,,,,,,,
Trailer1,1000,Relative path (or URL to file in Partner Center),,,,,,,,,,,,,,,,
Trailer2,1001,Relative path (or URL to file in Partner Center),,,,,,,,,,,,,,,,
Trailer3,1002,Relative path (or URL to file in Partner Center),,,,,,,,,,,,,,,,
Trailer4,1003,Relative path (or URL to file in Partner Center),,,,,,,,,,,,,,,,
Trailer5,1004,Relative path (or URL to file in Partner Center),,,,,,,,,,,,,,,,
Trailer6,1005,Relative path (or URL to file in Partner Center),,,,,,,,,,,,,,,,
Trailer7,1006,Relative path (or URL to file in Partner Center),,,,,,,,,,,,,,,,
Trailer8,1007,Relative path (or URL to file in Partner Center),,,,,,,,,,,,,,,,
Trailer9,1008,Relative path (or URL to file in Partner Center),,,,,,,,,,,,,,,,
Trailer10,1009,Relative path (or URL to file in Partner Center),,,,,,,,,,,,,,,,
Trailer11,1010,Relative path (or URL to file in Partner Center),,,,,,,,,,,,,,,,
Trailer12,1011,Relative path (or URL to file in Partner Center),,,,,,,,,,,,,,,,
Trailer13,1012,Relative path (or URL to file in Partner Center),,,,,,,,,,,,,,,,
Trailer14,1013,Relative path (or URL to file in Partner Center),,,,,,,,,,,,,,,,
Trailer15,1014,Relative path (or URL to file in Partner Center),,,,,,,,,,,,,,,,
TrailerTitle1,1020,Text,,,,,,,,,,,,,,,,
TrailerTitle2,1021,Text,,,,,,,,,,,,,,,,
TrailerTitle3,1022,Text,,,,,,,,,,,,,,,,
TrailerTitle4,1023,Text,,,,,,,,,,,,,,,,
TrailerTitle5,1024,Text,,,,,,,,,,,,,,,,
TrailerTitle6,1025,Text,,,,,,,,,,,,,,,,
TrailerTitle7,1026,Text,,,,,,,,,,,,,,,,
TrailerTitle8,1027,Text,,,,,,,,,,,,,,,,
TrailerTitle9,1028,Text,,,,,,,,,,,,,,,,
TrailerTitle10,1029,Text,,,,,,,,,,,,,,,,
TrailerTitle11,1030,Text,,,,,,,,,,,,,,,,
TrailerTitle12,1031,Text,,,,,,,,,,,,,,,,
TrailerTitle13,1032,Text,,,,,,,,,,,,,,,,
TrailerTitle14,1033,Text,,,,,,,,,,,,,,,,
TrailerTitle15,1034,Text,,,,,,,,,,,,,,,,
TrailerThumbnail1,1040,Relative path (or URL to file in Partner Center),,,,,,,,,,,,,,,,
TrailerThumbnail2,1041,Relative path (or URL to file in Partner Center),,,,,,,,,,,,,,,,
TrailerThumbnail3,1042,Relative path (or URL to file in Partner Center),,,,,,,,,,,,,,,,
TrailerThumbnail4,1043,Relative path (or URL to file in Partner Center),,,,,,,,,,,,,,,,
TrailerThumbnail5,1044,Relative path (or URL to file in Partner Center),,,,,,,,,,,,,,,,
TrailerThumbnail6,1045,Relative path (or URL to file in Partner Center),,,,,,,,,,,,,,,,
TrailerThumbnail7,1046,Relative path (or URL to file in Partner Center),,,,,,,,,,,,,,,,
TrailerThumbnail8,1047,Relative path (or URL to file in Partner Center),,,,,,,,,,,,,,,,
TrailerThumbnail9,1048,Relative path (or URL to file in Partner Center),,,,,,,,,,,,,,,,
TrailerThumbnail10,1049,Relative path (or URL to file in Partner Center),,,,,,,,,,,,,,,,
TrailerThumbnail11,1050,Relative path (or URL to file in Partner Center),,,,,,,,,,,,,,,,
TrailerThumbnail12,1051,Relative path (or URL to file in Partner Center),,,,,,,,,,,,,,,,
TrailerThumbnail13,1052,Relative path (or URL to file in Partner Center),,,,,,,,,,,,,,,,
TrailerThumbnail14,1053,Relative path (or URL to file in Partner Center),,,,,,,,,,,,,,,,
TrailerThumbnail15,1054,Relative path (or URL to file in Partner Center),,,,,,,,,,,,,,,,
TrailerClosedCaption1,1055,Relative path (or URL to file in Partner Center),,,,,,,,,,,,,,,,
TrailerClosedCaption2,1056,Relative path (or URL to file in Partner Center),,,,,,,,,,,,,,,,
TrailerClosedCaption3,1057,Relative path (or URL to file in Partner Center),,,,,,,,,,,,,,,,
TrailerClosedCaption4,1058,Relative path (or URL to file in Partner Center),,,,,,,,,,,,,,,,
TrailerClosedCaption5,1059,Relative path (or URL to file in Partner Center),,,,,,,,,,,,,,,,
TrailerClosedCaption6,1060,Relative path (or URL to file in Partner Center),,,,,,,,,,,,,,,,
TrailerClosedCaption7,1061,Relative path (or URL to file in Partner Center),,,,,,,,,,,,,,,,
TrailerClosedCaption8,1062,Relative path (or URL to file in Partner Center),,,,,,,,,,,,,,,,
TrailerClosedCaption9,1063,Relative path (or URL to file in Partner Center),,,,,,,,,,,,,,,,
TrailerClosedCaption10,1064,Relative path (or URL to file in Partner Center),,,,,,,,,,,,,,,,
TrailerClosedCaption11,1065,Relative path (or URL to file in Partner Center),,,,,,,,,,,,,,,,
TrailerClosedCaption12,1066,Relative path (or URL to file in Partner Center),,,,,,,,,,,,,,,,
TrailerClosedCaption13,1067,Relative path (or URL to file in Partner Center),,,,,,,,,,,,,,,,
TrailerClosedCaption14,1068,Relative path (or URL to file in Partner Center),,,,,,,,,,,,,,,,
TrailerClosedCaption15,1069,Relative path (or URL to file in Partner Center),,,,,,,,,,,,,,,,
TrailerAudioDescription1,1070,Relative path (or URL to file in Partner Center),,,,,,,,,,,,,,,,
TrailerAudioDescription2,1071,Relative path (or URL to file in Partner Center),,,,,,,,,,,,,,,,
TrailerAudioDescription3,1072,Relative path (or URL to file in Partner Center),,,,,,,,,,,,,,,,
TrailerAudioDescription4,1073,Relative path (or URL to file in Partner Center),,,,,,,,,,,,,,,,
TrailerAudioDescription5,1074,Relative path (or URL to file in Partner Center),,,,,,,,,,,,,,,,
TrailerAudioDescription6,1075,Relative path (or URL to file in Partner Center),,,,,,,,,,,,,,,,
TrailerAudioDescription7,1076,Relative path (or URL to file in Partner Center),,,,,,,,,,,,,,,,
TrailerAudioDescription8,1077,Relative path (or URL to file in Partner Center),,,,,,,,,,,,,,,,
TrailerAudioDescription9,1078,Relative path (or URL to file in Partner Center),,,,,,,,,,,,,,,,
TrailerAudioDescription10,1079,Relative path (or URL to file in Partner Center),,,,,,,,,,,,,,,,
TrailerAudioDescription11,1080,Relative path (or URL to file in Partner Center),,,,,,,,,,,,,,,,
TrailerAudioDescription12,1081,Relative path (or URL to file in Partner Center),,,,,,,,,,,,,,,,
TrailerAudioDescription13,1082,Relative path (or URL to file in Partner Center),,,,,,,,,,,,,,,,
TrailerAudioDescription14,1083,Relative path (or URL to file in Partner Center),,,,,,,,,,,,,,,,
TrailerAudioDescription15,1084,Relative path (or URL to file in Partner Center),,,,,,,,,,,,,,,,
,,,,,,,,,,,,,,,,,,
,,,,,,,,,,,,,,,,,,
,,,,,,,,,,,,,,,,,,
,,,,,,,,,,,,,,,,,,
,,,,,,,,,,,,,,,,,,
,,,,,,,,,,,,,,,,,,
,,,,,,,,,,,,,,,,,,
,,,,,,,,,,,,,,,,,,
,,,,,,,,,,,,,,,,,,
,,,,,,,,,,,,,,,,,,
,,,,,,,,,,,,,,,,,,
,,,,,,,,,,,,,,,,,,
,,,,,,,,,,,,,,,,,,
,,,,,,,,,,,,,,,,,,
,,,,,,,,,,,,,,,,,,
,,,,,,,,,,,,,,,,,,
,,,,,,,,,,,,,,,,,,
,,,,,,,,,,,,,,,,,,
,,,,,,,,,,,,,,,,,,
,,,,,,,,,,,,,,,,,,
,,,,,,,,,,,,,,,,,,
,,,,,,,,,,,,,,,,,,
,,,,,,,,,,,,,,,,,,
,,,,,,,,,,,,,,,,,,